{
  "query_count": 128,
  "evaluated_query_count": 128,
  "retrieval_error_count": 0,
  "answer_allowed_count": 110,
  "fallback_required_count": 18,
  "mean_retrieval_latency_ms": 2259.4362415312758,
  "mrr_at_10": 0.6865007215007216,
  "ndcg_at_10": 0.6250322883834165,
  "fallback_diagnostics": {
    "fallback_case_count": 18,
    "near_miss_retrieved_at_1": {
      "count": 0,
      "rate": 0.0
    },
    "supporting_retrieved_at_1": {
      "count": 3,
      "rate": 0.16666666666666666
    },
    "direct_evidence_retrieved_at_1": {
      "count": 0,
      "rate": 0.0
    },
    "near_miss_retrieved_at_3": {
      "count": 0,
      "rate": 0.0
    },
    "supporting_retrieved_at_3": {
      "count": 4,
      "rate": 0.2222222222222222
    },
    "direct_evidence_retrieved_at_3": {
      "count": 0,
      "rate": 0.0
    },
    "near_miss_retrieved_at_5": {
      "count": 0,
      "rate": 0.0
    },
    "supporting_retrieved_at_5": {
      "count": 4,
      "rate": 0.2222222222222222
    },
    "direct_evidence_retrieved_at_5": {
      "count": 0,
      "rate": 0.0
    },
    "near_miss_retrieved_at_10": {
      "count": 0,
      "rate": 0.0
    },
    "supporting_retrieved_at_10": {
      "count": 4,
      "rate": 0.2222222222222222
    },
    "direct_evidence_retrieved_at_10": {
      "count": 0,
      "rate": 0.0
    }
  },
  "recall_at_1": 0.5727272727272728,
  "required_direct_coverage_at_1": 0.3351063829787234,
  "evidence_group_coverage_at_1": 0.3351063829787234,
  "recall_at_3": 0.7909090909090909,
  "required_direct_coverage_at_3": 0.5159574468085106,
  "evidence_group_coverage_at_3": 0.5159574468085106,
  "recall_at_5": 0.8272727272727273,
  "required_direct_coverage_at_5": 0.5585106382978723,
  "evidence_group_coverage_at_5": 0.5585106382978723,
  "recall_at_10": 0.8727272727272727,
  "required_direct_coverage_at_10": 0.6223404255319149,
  "evidence_group_coverage_at_10": 0.6223404255319149
}
