{
  "query_count": 85,
  "evaluated_query_count": 85,
  "retrieval_error_count": 0,
  "answer_allowed_count": 68,
  "fallback_required_count": 17,
  "mean_retrieval_latency_ms": 2686.273197011799,
  "mrr_at_10": 0.6917016806722689,
  "ndcg_at_10": 0.6173938889779291,
  "fallback_diagnostics": {
    "fallback_case_count": 17,
    "near_miss_retrieved_at_1": {
      "count": 0,
      "rate": 0.0
    },
    "supporting_retrieved_at_1": {
      "count": 3,
      "rate": 0.17647058823529413
    },
    "direct_evidence_retrieved_at_1": {
      "count": 0,
      "rate": 0.0
    },
    "near_miss_retrieved_at_3": {
      "count": 0,
      "rate": 0.0
    },
    "supporting_retrieved_at_3": {
      "count": 4,
      "rate": 0.23529411764705882
    },
    "direct_evidence_retrieved_at_3": {
      "count": 0,
      "rate": 0.0
    },
    "near_miss_retrieved_at_5": {
      "count": 0,
      "rate": 0.0
    },
    "supporting_retrieved_at_5": {
      "count": 4,
      "rate": 0.23529411764705882
    },
    "direct_evidence_retrieved_at_5": {
      "count": 0,
      "rate": 0.0
    },
    "near_miss_retrieved_at_10": {
      "count": 0,
      "rate": 0.0
    },
    "supporting_retrieved_at_10": {
      "count": 4,
      "rate": 0.23529411764705882
    },
    "direct_evidence_retrieved_at_10": {
      "count": 0,
      "rate": 0.0
    }
  },
  "recall_at_1": 0.5588235294117647,
  "required_direct_coverage_at_1": 0.2992125984251969,
  "evidence_group_coverage_at_1": 0.2992125984251969,
  "recall_at_3": 0.7941176470588235,
  "required_direct_coverage_at_3": 0.48031496062992124,
  "evidence_group_coverage_at_3": 0.48031496062992124,
  "recall_at_5": 0.8382352941176471,
  "required_direct_coverage_at_5": 0.5196850393700787,
  "evidence_group_coverage_at_5": 0.5196850393700787,
  "recall_at_10": 0.9558823529411765,
  "required_direct_coverage_at_10": 0.7480314960629921,
  "evidence_group_coverage_at_10": 0.7480314960629921
}
