{
  "query_count": 128,
  "evaluated_query_count": 128,
  "retrieval_error_count": 0,
  "answer_allowed_count": 110,
  "fallback_required_count": 18,
  "mean_retrieval_latency_ms": 2120.4475388594146,
  "mrr_at_10": 0.6883910533910531,
  "ndcg_at_10": 0.6465347419378722,
  "fallback_diagnostics": {
    "fallback_case_count": 18,
    "near_miss_retrieved_at_1": {
      "count": 0,
      "rate": 0.0
    },
    "supporting_retrieved_at_1": {
      "count": 3,
      "rate": 0.16666666666666666
    },
    "direct_evidence_retrieved_at_1": {
      "count": 0,
      "rate": 0.0
    },
    "near_miss_retrieved_at_3": {
      "count": 0,
      "rate": 0.0
    },
    "supporting_retrieved_at_3": {
      "count": 4,
      "rate": 0.2222222222222222
    },
    "direct_evidence_retrieved_at_3": {
      "count": 0,
      "rate": 0.0
    },
    "near_miss_retrieved_at_5": {
      "count": 0,
      "rate": 0.0
    },
    "supporting_retrieved_at_5": {
      "count": 4,
      "rate": 0.2222222222222222
    },
    "direct_evidence_retrieved_at_5": {
      "count": 0,
      "rate": 0.0
    },
    "near_miss_retrieved_at_10": {
      "count": 0,
      "rate": 0.0
    },
    "supporting_retrieved_at_10": {
      "count": 4,
      "rate": 0.2222222222222222
    },
    "direct_evidence_retrieved_at_10": {
      "count": 0,
      "rate": 0.0
    }
  },
  "recall_at_1": 0.5636363636363636,
  "required_direct_coverage_at_1": 0.32978723404255317,
  "evidence_group_coverage_at_1": 0.32978723404255317,
  "recall_at_3": 0.7818181818181819,
  "required_direct_coverage_at_3": 0.5053191489361702,
  "evidence_group_coverage_at_3": 0.5053191489361702,
  "recall_at_5": 0.8090909090909091,
  "required_direct_coverage_at_5": 0.5372340425531915,
  "evidence_group_coverage_at_5": 0.5372340425531915,
  "recall_at_10": 0.9545454545454546,
  "required_direct_coverage_at_10": 0.7712765957446809,
  "evidence_group_coverage_at_10": 0.7712765957446809
}
