{
  "query_count": 85,
  "evaluated_query_count": 85,
  "retrieval_error_count": 0,
  "answer_allowed_count": 68,
  "fallback_required_count": 17,
  "mean_retrieval_latency_ms": 1599.477122494136,
  "mrr_at_10": 0.5830882352941177,
  "ndcg_at_10": 0.5239838828347482,
  "fallback_diagnostics": {
    "fallback_case_count": 17,
    "near_miss_retrieved_at_1": {
      "count": 0,
      "rate": 0.0
    },
    "supporting_retrieved_at_1": {
      "count": 3,
      "rate": 0.17647058823529413
    },
    "direct_evidence_retrieved_at_1": {
      "count": 0,
      "rate": 0.0
    },
    "near_miss_retrieved_at_3": {
      "count": 0,
      "rate": 0.0
    },
    "supporting_retrieved_at_3": {
      "count": 4,
      "rate": 0.23529411764705882
    },
    "direct_evidence_retrieved_at_3": {
      "count": 0,
      "rate": 0.0
    },
    "near_miss_retrieved_at_5": {
      "count": 0,
      "rate": 0.0
    },
    "supporting_retrieved_at_5": {
      "count": 4,
      "rate": 0.23529411764705882
    },
    "direct_evidence_retrieved_at_5": {
      "count": 0,
      "rate": 0.0
    },
    "near_miss_retrieved_at_10": {
      "count": 0,
      "rate": 0.0
    },
    "supporting_retrieved_at_10": {
      "count": 4,
      "rate": 0.23529411764705882
    },
    "direct_evidence_retrieved_at_10": {
      "count": 0,
      "rate": 0.0
    }
  },
  "recall_at_1": 0.47058823529411764,
  "required_direct_coverage_at_1": 0.25196850393700787,
  "evidence_group_coverage_at_1": 0.25196850393700787,
  "recall_at_3": 0.6617647058823529,
  "required_direct_coverage_at_3": 0.3779527559055118,
  "evidence_group_coverage_at_3": 0.3779527559055118,
  "recall_at_5": 0.7205882352941176,
  "required_direct_coverage_at_5": 0.4409448818897638,
  "evidence_group_coverage_at_5": 0.4409448818897638,
  "recall_at_10": 0.7941176470588235,
  "required_direct_coverage_at_10": 0.5039370078740157,
  "evidence_group_coverage_at_10": 0.5039370078740157
}
